index	wnid	synset	name	lemmas
0	n01440764	tench.n.01	tench	tench, Tinca tinca
1	n01443537	goldfish.n.01	goldfish	goldfish, Carassius auratus
2	n01484850	great_white_shark.n.01	great white shark	great white shark, white shark, man-eater, man-eating shark, Carcharodon carcharias
3	n01491361	tiger_shark.n.01	tiger shark	tiger shark, Galeocerdo cuvieri
4	n01494475	hammerhead.n.03	hammerhead	hammerhead, hammerhead shark
5	n01496331	electric_ray.n.01	electric ray	electric ray, crampfish, numbfish, torpedo
6	n01498041	stingray.n.01	stingray	stingray
7	n01514668	cock.n.05	cock	cock
8	n01514859	hen.n.02	hen	hen
9	n01518878	ostrich.n.02	ostrich	ostrich, Struthio camelus
10	n01530575	brambling.n.01	brambling	brambling, Fringilla montifringilla
11	n01531178	goldfinch.n.02	goldfinch	goldfinch, Carduelis carduelis
12	n01532829	house_finch.n.01	house finch	house finch, linnet, Carpodacus mexicanus
13	n01534433	junco.n.01	junco	junco, snowbird
14	n01537544	indigo_bunting.n.01	indigo bunting	indigo bunting, indigo finch, indigo bird, Passerina cyanea
15	n01558993	robin.n.02	robin	robin, American robin, Turdus migratorius
16	n01560419	bulbul.n.01	bulbul	bulbul
17	n01580077	jay.n.02	jay	jay
18	n01582220	magpie.n.01	magpie	magpie
19	n01592084	chickadee.n.01	chickadee	chickadee
20	n01601694	water_ouzel.n.01	water ouzel	water ouzel, dipper
21	n01608432	kite.n.04	kite	kite
22	n01614925	bald_eagle.n.01	bald eagle	bald eagle, American eagle, Haliaeetus leucocephalus
23	n01616318	vulture.n.01	vulture	vulture
24	n01622779	great_grey_owl.n.01	great grey owl	great grey owl, great gray owl, Strix nebulosa
25	n01629819	european_fire_salamander.n.01	European fire salamander	European fire salamander, Salamandra salamandra
26	n01630670	common_newt.n.01	common newt	common newt, Triturus vulgaris
27	n01631663	eft.n.01	eft	eft
28	n01632458	spotted_salamander.n.01	spotted salamander	spotted salamander, Ambystoma maculatum
29	n01632777	axolotl.n.01	axolotl	axolotl, mud puppy, Ambystoma mexicanum
30	n01641577	bullfrog.n.01	bullfrog	bullfrog, Rana catesbeiana
31	n01644373	tree_frog.n.02	tree frog	tree frog, tree-frog
32	n01644900	tailed_frog.n.01	tailed frog	tailed frog, bell toad, ribbed toad, tailed toad, Ascaphus trui
33	n01664065	loggerhead.n.02	loggerhead	loggerhead, loggerhead turtle, Caretta caretta
34	n01665541	leatherback_turtle.n.01	leatherback turtle	leatherback turtle, leatherback, leathery turtle, Dermochelys coriacea
35	n01667114	mud_turtle.n.01	mud turtle	mud turtle
36	n01667778	terrapin.n.01	terrapin	terrapin
37	n01669191	box_turtle.n.01	box turtle	box turtle, box tortoise
38	n01675722	banded_gecko.n.01	banded gecko	banded gecko
39	n01677366	common_iguana.n.01	common iguana	common iguana, iguana, Iguana iguana
40	n01682714	american_chameleon.n.01	American chameleon	American chameleon, anole, Anolis carolinensis
41	n01685808	whiptail.n.01	whiptail	whiptail, whiptail lizard
42	n01687978	agama.n.01	agama	agama
43	n01688243	frilled_lizard.n.01	frilled lizard	frilled lizard, Chlamydosaurus kingi
44	n01689811	alligator_lizard.n.01	alligator lizard	alligator lizard
45	n01692333	gila_monster.n.01	Gila monster	Gila monster, Heloderma suspectum
46	n01693334	green_lizard.n.01	green lizard	green lizard, Lacerta viridis
47	n01694178	african_chameleon.n.01	African chameleon	African chameleon, Chamaeleo chamaeleon
48	n01695060	komodo_dragon.n.01	Komodo dragon	Komodo dragon, Komodo lizard, dragon lizard, giant lizard, Varanus komodoensis
49	n01697457	african_crocodile.n.01	African crocodile	African crocodile, Nile crocodile, Crocodylus niloticus
50	n01698640	american_alligator.n.01	American alligator	American alligator, Alligator mississipiensis
51	n01704323	triceratops.n.01	triceratops	triceratops
52	n01728572	thunder_snake.n.01	thunder snake	thunder snake, worm snake, Carphophis amoenus
53	n01728920	ringneck_snake.n.01	ringneck snake	ringneck snake, ring-necked snake, ring snake
54	n01729322	hognose_snake.n.01	hognose snake	hognose snake, puff adder, sand viper
55	n01729977	green_snake.n.02	green snake	green snake, grass snake
56	n01734418	king_snake.n.01	king snake	king snake, kingsnake
57	n01735189	garter_snake.n.01	garter snake	garter snake, grass snake
58	n01737021	water_snake.n.01	water snake	water snake
59	n01739381	vine_snake.n.01	vine snake	vine snake
60	n01740131	night_snake.n.01	night snake	night snake, Hypsiglena torquata
61	n01742172	boa_constrictor.n.01	boa constrictor	boa constrictor, Constrictor constrictor
62	n01744401	rock_python.n.01	rock python	rock python, rock snake, Python sebae
63	n01748264	indian_cobra.n.01	Indian cobra	Indian cobra, Naja naja
64	n01749939	green_mamba.n.01	green mamba	green mamba
65	n01751748	sea_snake.n.01	sea snake	sea snake
66	n01753488	horned_viper.n.01	horned viper	horned viper, cerastes, sand viper, horned asp, Cerastes cornutus
67	n01755581	diamondback.n.01	diamondback	diamondback, diamondback rattlesnake, Crotalus adamanteus
68	n01756291	sidewinder.n.01	sidewinder	sidewinder, horned rattlesnake, Crotalus cerastes
69	n01768244	trilobite.n.01	trilobite	trilobite
70	n01770081	harvestman.n.01	harvestman	harvestman, daddy longlegs, Phalangium opilio
71	n01770393	scorpion.n.03	scorpion	scorpion
72	n01773157	black_and_gold_garden_spider.n.01	black and gold garden spider	black and gold garden spider, Argiope aurantia
73	n01773549	barn_spider.n.01	barn spider	barn spider, Araneus cavaticus
74	n01773797	garden_spider.n.01	garden spider	garden spider, Aranea diademata
75	n01774384	black_widow.n.01	black widow	black widow, Latrodectus mactans
76	n01774750	tarantula.n.02	tarantula	tarantula
77	n01775062	wolf_spider.n.01	wolf spider	wolf spider, hunting spider
78	n01776313	tick.n.02	tick	tick
79	n01784675	centipede.n.01	centipede	centipede
80	n01795545	black_grouse.n.01	black grouse	black grouse
81	n01796340	ptarmigan.n.01	ptarmigan	ptarmigan
82	n01797886	ruffed_grouse.n.01	ruffed grouse	ruffed grouse, partridge, Bonasa umbellus
83	n01798484	prairie_chicken.n.01	prairie chicken	prairie chicken, prairie grouse, prairie fowl
84	n01806143	peacock.n.02	peacock	peacock
85	n01806567	quail.n.02	quail	quail
86	n01807496	partridge.n.03	partridge	partridge
87	n01817953	african_grey.n.01	African grey	African grey, African gray, Psittacus erithacus
88	n01818515	macaw.n.01	macaw	macaw
89	n01819313	sulphur-crested_cockatoo.n.01	sulphur-crested cockatoo	sulphur-crested cockatoo, Kakatoe galerita, Cacatua galerita
90	n01820546	lorikeet.n.01	lorikeet	lorikeet
91	n01824575	coucal.n.01	coucal	coucal
92	n01828970	bee_eater.n.01	bee eater	bee eater
93	n01829413	hornbill.n.01	hornbill	hornbill
94	n01833805	hummingbird.n.01	hummingbird	hummingbird
95	n01843065	jacamar.n.01	jacamar	jacamar
96	n01843383	toucan.n.01	toucan	toucan
97	n01847000	drake.n.02	drake	drake
98	n01855032	red-breasted_merganser.n.01	red-breasted merganser	red-breasted merganser, Mergus serrator
99	n01855672	goose.n.01	goose	goose
100	n01860187	black_swan.n.01	black swan	black swan, Cygnus atratus
101	n01871265	tusker.n.01	tusker	tusker
102	n01872401	echidna.n.02	echidna	echidna, spiny anteater, anteater
103	n01873310	platypus.n.01	platypus	platypus, duckbill, duckbilled platypus, duck-billed platypus, Ornithorhynchus anatinus
104	n01877812	wallaby.n.01	wallaby	wallaby, brush kangaroo
105	n01882714	koala.n.01	koala	koala, koala bear, kangaroo bear, native bear, Phascolarctos cinereus
106	n01883070	wombat.n.01	wombat	wombat
107	n01910747	jellyfish.n.02	jellyfish	jellyfish
108	n01914609	sea_anemone.n.01	sea anemone	sea anemone, anemone
109	n01917289	brain_coral.n.01	brain coral	brain coral
110	n01924916	flatworm.n.01	flatworm	flatworm, platyhelminth
111	n01930112	nematode.n.01	nematode	nematode, nematode worm, roundworm
112	n01943899	conch.n.01	conch	conch
113	n01944390	snail.n.01	snail	snail
114	n01945685	slug.n.07	slug	slug
115	n01950731	sea_slug.n.01	sea slug	sea slug, nudibranch
116	n01955084	chiton.n.02	chiton	chiton, coat-of-mail shell, sea cradle, polyplacophore
117	n01968897	chambered_nautilus.n.01	chambered nautilus	chambered nautilus, pearly nautilus, nautilus
118	n01978287	dungeness_crab.n.02	Dungeness crab	Dungeness crab, Cancer magister
119	n01978455	rock_crab.n.01	rock crab	rock crab, Cancer irroratus
120	n01980166	fiddler_crab.n.01	fiddler crab	fiddler crab
121	n01981276	king_crab.n.03	king crab	king crab, Alaska crab, Alaskan king crab, Alaska king crab, Paralithodes camtschatica
122	n01983481	american_lobster.n.02	American lobster	American lobster, Northern lobster, Maine lobster, Homarus americanus
123	n01984695	spiny_lobster.n.02	spiny lobster	spiny lobster, langouste, rock lobster, crawfish, crayfish, sea crawfish
124	n01985128	crayfish.n.03	crayfish	crayfish, crawfish, crawdad, crawdaddy
125	n01986214	hermit_crab.n.01	hermit crab	hermit crab
126	n01990800	isopod.n.01	isopod	isopod
127	n02002556	white_stork.n.01	white stork	white stork, Ciconia ciconia
128	n02002724	black_stork.n.01	black stork	black stork, Ciconia nigra
129	n02006656	spoonbill.n.01	spoonbill	spoonbill
130	n02007558	flamingo.n.01	flamingo	flamingo
131	n02009229	little_blue_heron.n.01	little blue heron	little blue heron, Egretta caerulea
132	n02009912	american_egret.n.01	American egret	American egret, great white heron, Egretta albus
133	n02011460	bittern.n.01	bittern	bittern
134	n02012849	crane.n.05	crane (wading bird)	crane
135	n02013706	limpkin.n.01	limpkin	limpkin, Aramus pictus
136	n02017213	european_gallinule.n.01	European gallinule	European gallinule, Porphyrio porphyrio
137	n02018207	american_coot.n.01	American coot	American coot, marsh hen, mud hen, water hen, Fulica americana
138	n02018795	bustard.n.01	bustard	bustard
139	n02025239	ruddy_turnstone.n.01	ruddy turnstone	ruddy turnstone, Arenaria interpres
140	n02027492	red-backed_sandpiper.n.01	red-backed sandpiper	red-backed sandpiper, dunlin, Erolia alpina
141	n02028035	redshank.n.01	redshank	redshank, Tringa totanus
142	n02033041	dowitcher.n.01	dowitcher	dowitcher
143	n02037110	oystercatcher.n.01	oystercatcher	oystercatcher, oyster catcher
144	n02051845	pelican.n.01	pelican	pelican
145	n02056570	king_penguin.n.01	king penguin	king penguin, Aptenodytes patagonica
146	n02058221	albatross.n.02	albatross	albatross, mollymawk
147	n02066245	grey_whale.n.01	grey whale	grey whale, gray whale, devilfish, Eschrichtius gibbosus, Eschrichtius robustus
148	n02071294	killer_whale.n.01	killer whale	killer whale, killer, orca, grampus, sea wolf, Orcinus orca
149	n02074367	dugong.n.01	dugong	dugong, Dugong dugon
150	n02077923	sea_lion.n.01	sea lion	sea lion
151	n02085620	chihuahua.n.03	Chihuahua	Chihuahua
152	n02085782	japanese_spaniel.n.01	Japanese spaniel	Japanese spaniel
153	n02085936	maltese_dog.n.01	Maltese dog	Maltese dog, Maltese terrier, Maltese
154	n02086079	pekinese.n.01	Pekinese	Pekinese, Pekingese, Peke
155	n02086240	shih-tzu.n.01	Shih-Tzu	Shih-Tzu
156	n02086646	blenheim_spaniel.n.01	Blenheim spaniel	Blenheim spaniel
157	n02086910	papillon.n.01	papillon	papillon
158	n02087046	toy_terrier.n.01	toy terrier	toy terrier
159	n02087394	rhodesian_ridgeback.n.01	Rhodesian ridgeback	Rhodesian ridgeback
160	n02088094	afghan_hound.n.01	Afghan hound	Afghan hound, Afghan
161	n02088238	basset.n.01	basset	basset, basset hound
162	n02088364	beagle.n.01	beagle	beagle
163	n02088466	bloodhound.n.01	bloodhound	bloodhound, sleuthhound
164	n02088632	bluetick.n.01	bluetick	bluetick
165	n02089078	black-and-tan_coonhound.n.01	black-and-tan coonhound	black-and-tan coonhound
166	n02089867	walker_hound.n.01	Walker hound	Walker hound, Walker foxhound
167	n02089973	english_foxhound.n.01	English foxhound	English foxhound
168	n02090379	redbone.n.01	redbone	redbone
169	n02090622	borzoi.n.01	borzoi	borzoi, Russian wolfhound
170	n02090721	irish_wolfhound.n.01	Irish wolfhound	Irish wolfhound
171	n02091032	italian_greyhound.n.01	Italian greyhound	Italian greyhound
172	n02091134	whippet.n.01	whippet	whippet
173	n02091244	ibizan_hound.n.01	Ibizan hound	Ibizan hound, Ibizan Podenco
174	n02091467	norwegian_elkhound.n.01	Norwegian elkhound	Norwegian elkhound, elkhound
175	n02091635	otterhound.n.01	otterhound	otterhound, otter hound
176	n02091831	saluki.n.01	Saluki	Saluki, gazelle hound
177	n02092002	scottish_deerhound.n.01	Scottish deerhound	Scottish deerhound, deerhound
178	n02092339	weimaraner.n.01	Weimaraner	Weimaraner
179	n02093256	staffordshire_bullterrier.n.01	Staffordshire bullterrier	Staffordshire bullterrier, Staffordshire bull terrier
180	n02093428	american_staffordshire_terrier.n.01	American Staffordshire terrier	American Staffordshire terrier, Staffordshire terrier, American pit bull terrier, pit bull terrier
181	n02093647	bedlington_terrier.n.01	Bedlington terrier	Bedlington terrier
182	n02093754	border_terrier.n.01	Border terrier	Border terrier
183	n02093859	kerry_blue_terrier.n.01	Kerry blue terrier	Kerry blue terrier
184	n02093991	irish_terrier.n.01	Irish terrier	Irish terrier
185	n02094114	norfolk_terrier.n.01	Norfolk terrier	Norfolk terrier
186	n02094258	norwich_terrier.n.01	Norwich terrier	Norwich terrier
187	n02094433	yorkshire_terrier.n.01	Yorkshire terrier	Yorkshire terrier
188	n02095314	wire-haired_fox_terrier.n.01	wire-haired fox terrier	wire-haired fox terrier
189	n02095570	lakeland_terrier.n.01	Lakeland terrier	Lakeland terrier
190	n02095889	sealyham_terrier.n.01	Sealyham terrier	Sealyham terrier, Sealyham
191	n02096051	airedale.n.01	Airedale	Airedale, Airedale terrier
192	n02096177	cairn.n.02	cairn	cairn, cairn terrier
193	n02096294	australian_terrier.n.01	Australian terrier	Australian terrier
194	n02096437	dandie_dinmont.n.01	Dandie Dinmont	Dandie Dinmont, Dandie Dinmont terrier
195	n02096585	boston_bull.n.01	Boston bull	Boston bull, Boston terrier
196	n02097047	miniature_schnauzer.n.01	miniature schnauzer	miniature schnauzer
197	n02097130	giant_schnauzer.n.01	giant schnauzer	giant schnauzer
198	n02097209	standard_schnauzer.n.01	standard schnauzer	standard schnauzer
199	n02097298	scotch_terrier.n.01	Scotch terrier	Scotch terrier, Scottish terrier, Scottie
200	n02097474	tibetan_terrier.n.01	Tibetan terrier	Tibetan terrier, chrysanthemum dog
201	n02097658	silky_terrier.n.01	silky terrier	silky terrier, Sydney silky
202	n02098105	soft-coated_wheaten_terrier.n.01	soft-coated wheaten terrier	soft-coated wheaten terrier
203	n02098286	west_highland_white_terrier.n.01	West Highland white terrier	West Highland white terrier
204	n02098413	lhasa.n.02	Lhasa	Lhasa, Lhasa apso
205	n02099267	flat-coated_retriever.n.01	flat-coated retriever	flat-coated retriever
206	n02099429	curly-coated_retriever.n.01	curly-coated retriever	curly-coated retriever
207	n02099601	golden_retriever.n.01	golden retriever	golden retriever
208	n02099712	labrador_retriever.n.01	Labrador retriever	Labrador retriever
209	n02099849	chesapeake_bay_retriever.n.01	Chesapeake Bay retriever	Chesapeake Bay retriever
210	n02100236	german_short-haired_pointer.n.01	German short-haired pointer	German short-haired pointer
211	n02100583	vizsla.n.01	vizsla	vizsla, Hungarian pointer
212	n02100735	english_setter.n.01	English setter	English setter
213	n02100877	irish_setter.n.01	Irish setter	Irish setter, red setter
214	n02101006	gordon_setter.n.01	Gordon setter	Gordon setter
215	n02101388	brittany_spaniel.n.01	Brittany spaniel	Brittany spaniel
216	n02101556	clumber.n.01	clumber	clumber, clumber spaniel
217	n02102040	english_springer.n.01	English springer	English springer, English springer spaniel
218	n02102177	welsh_springer_spaniel.n.01	Welsh springer spaniel	Welsh springer spaniel
219	n02102318	cocker_spaniel.n.01	cocker spaniel	cocker spaniel, English cocker spaniel, cocker
220	n02102480	sussex_spaniel.n.01	Sussex spaniel	Sussex spaniel
221	n02102973	irish_water_spaniel.n.01	Irish water spaniel	Irish water spaniel
222	n02104029	kuvasz.n.01	kuvasz	kuvasz
223	n02104365	schipperke.n.01	schipperke	schipperke
224	n02105056	groenendael.n.01	groenendael	groenendael
225	n02105162	malinois.n.01	malinois	malinois
226	n02105251	briard.n.01	briard	briard
227	n02105412	kelpie.n.02	kelpie	kelpie
228	n02105505	komondor.n.01	komondor	komondor
229	n02105641	old_english_sheepdog.n.01	Old English sheepdog	Old English sheepdog, bobtail
230	n02105855	shetland_sheepdog.n.01	Shetland sheepdog	Shetland sheepdog, Shetland sheep dog, Shetland
231	n02106030	collie.n.01	collie	collie
232	n02106166	border_collie.n.01	Border collie	Border collie
233	n02106382	bouvier_des_flandres.n.01	Bouvier des Flandres	Bouvier des Flandres, Bouviers des Flandres
234	n02106550	rottweiler.n.01	Rottweiler	Rottweiler
235	n02106662	german_shepherd.n.01	German shepherd	German shepherd, German shepherd dog, German police dog, alsatian
236	n02107142	doberman.n.01	Doberman	Doberman, Doberman pinscher
237	n02107312	miniature_pinscher.n.01	miniature pinscher	miniature pinscher
238	n02107574	greater_swiss_mountain_dog.n.01	Greater Swiss Mountain dog	Greater Swiss Mountain dog
239	n02107683	bernese_mountain_dog.n.01	Bernese mountain dog	Bernese mountain dog
240	n02107908	appenzeller.n.01	Appenzeller	Appenzeller
241	n02108000	entlebucher.n.01	EntleBucher	EntleBucher
242	n02108089	boxer.n.04	boxer	boxer
243	n02108422	bull_mastiff.n.01	bull mastiff	bull mastiff
244	n02108551	tibetan_mastiff.n.01	Tibetan mastiff	Tibetan mastiff
245	n02108915	french_bulldog.n.01	French bulldog	French bulldog
246	n02109047	great_dane.n.01	Great Dane	Great Dane
247	n02109525	saint_bernard.n.01	Saint Bernard	Saint Bernard, St Bernard
248	n02109961	eskimo_dog.n.01	Eskimo dog	Eskimo dog, husky
249	n02110063	malamute.n.01	malamute	malamute, malemute, Alaskan malamute
250	n02110185	siberian_husky.n.01	Siberian husky	Siberian husky
251	n02110341	dalmatian.n.02	dalmatian	dalmatian, coach dog, carriage dog
252	n02110627	affenpinscher.n.01	affenpinscher	affenpinscher, monkey pinscher, monkey dog
253	n02110806	basenji.n.01	basenji	basenji
254	n02110958	pug.n.01	pug	pug, pug-dog
255	n02111129	leonberg.n.01	Leonberg	Leonberg
256	n02111277	newfoundland.n.01	Newfoundland	Newfoundland, Newfoundland dog
257	n02111500	great_pyrenees.n.01	Great Pyrenees	Great Pyrenees
258	n02111889	samoyed.n.03	Samoyed	Samoyed, Samoyede
259	n02112018	pomeranian.n.01	Pomeranian	Pomeranian
260	n02112137	chow.n.03	chow	chow, chow chow
261	n02112350	keeshond.n.01	keeshond	keeshond
262	n02112706	brabancon_griffon.n.01	Brabancon griffon	Brabancon griffon
263	n02113023	pembroke.n.01	Pembroke	Pembroke, Pembroke Welsh corgi
264	n02113186	cardigan.n.02	Cardigan	Cardigan, Cardigan Welsh corgi
265	n02113624	toy_poodle.n.01	toy poodle	toy poodle
266	n02113712	miniature_poodle.n.01	miniature poodle	miniature poodle
267	n02113799	standard_poodle.n.01	standard poodle	standard poodle
268	n02113978	mexican_hairless.n.01	Mexican hairless	Mexican hairless
269	n02114367	timber_wolf.n.01	timber wolf	timber wolf, grey wolf, gray wolf, Canis lupus
270	n02114548	white_wolf.n.01	white wolf	white wolf, Arctic wolf, Canis lupus tundrarum
271	n02114712	red_wolf.n.01	red wolf	red wolf, maned wolf, Canis rufus, Canis niger
272	n02114855	coyote.n.01	coyote	coyote, prairie wolf, brush wolf, Canis latrans
273	n02115641	dingo.n.01	dingo	dingo, warrigal, warragal, Canis dingo
274	n02115913	dhole.n.01	dhole	dhole, Cuon alpinus
275	n02116738	african_hunting_dog.n.01	African hunting dog	African hunting dog, hyena dog, Cape hunting dog, Lycaon pictus
276	n02117135	hyena.n.01	hyena	hyena, hyaena
277	n02119022	red_fox.n.03	red fox	red fox, Vulpes vulpes
278	n02119789	kit_fox.n.01	kit fox	kit fox, Vulpes macrotis
279	n02120079	arctic_fox.n.01	Arctic fox	Arctic fox, white fox, Alopex lagopus
280	n02120505	grey_fox.n.01	grey fox	grey fox, gray fox, Urocyon cinereoargenteus
281	n02123045	tabby.n.01	tabby	tabby, tabby cat
282	n02123159	tiger_cat.n.02	tiger cat	tiger cat
283	n02123394	persian_cat.n.01	Persian cat	Persian cat
284	n02123597	siamese_cat.n.01	Siamese cat	Siamese cat, Siamese
285	n02124075	egyptian_cat.n.01	Egyptian cat	Egyptian cat
286	n02125311	cougar.n.01	cougar	cougar, puma, catamount, mountain lion, painter, panther, Felis concolor
287	n02127052	lynx.n.02	lynx	lynx, catamount
288	n02128385	leopard.n.02	leopard	leopard, Panthera pardus
289	n02128757	snow_leopard.n.01	snow leopard	snow leopard, ounce, Panthera uncia
290	n02128925	jaguar.n.01	jaguar	jaguar, panther, Panthera onca, Felis onca
291	n02129165	lion.n.01	lion	lion, king of beasts, Panthera leo
292	n02129604	tiger.n.02	tiger	tiger, Panthera tigris
293	n02130308	cheetah.n.01	cheetah	cheetah, chetah, Acinonyx jubatus
294	n02132136	brown_bear.n.01	brown bear	brown bear, bruin, Ursus arctos
295	n02133161	american_black_bear.n.01	American black bear	American black bear, black bear, Ursus americanus, Euarctos americanus
296	n02134084	ice_bear.n.01	ice bear	ice bear, polar bear, Ursus Maritimus, Thalarctos maritimus
297	n02134418	sloth_bear.n.01	sloth bear	sloth bear, Melursus ursinus, Ursus ursinus
298	n02137549	mongoose.n.01	mongoose	mongoose
299	n02138441	meerkat.n.01	meerkat	meerkat, mierkat
300	n02165105	tiger_beetle.n.01	tiger beetle	tiger beetle
301	n02165456	ladybug.n.01	ladybug	ladybug, ladybeetle, lady beetle, ladybird, ladybird beetle
302	n02167151	ground_beetle.n.01	ground beetle	ground beetle, carabid beetle
303	n02168699	long-horned_beetle.n.01	long-horned beetle	long-horned beetle, longicorn, longicorn beetle
304	n02169497	leaf_beetle.n.01	leaf beetle	leaf beetle, chrysomelid
305	n02172182	dung_beetle.n.01	dung beetle	dung beetle
306	n02174001	rhinoceros_beetle.n.01	rhinoceros beetle	rhinoceros beetle
307	n02177972	weevil.n.01	weevil	weevil
308	n02190166	fly.n.01	fly	fly
309	n02206856	bee.n.01	bee	bee
310	n02219486	ant.n.01	ant	ant, emmet, pismire
311	n02226429	grasshopper.n.01	grasshopper	grasshopper, hopper
312	n02229544	cricket.n.01	cricket	cricket
313	n02231487	walking_stick.n.02	walking stick	walking stick, walkingstick, stick insect
314	n02233338	cockroach.n.01	cockroach	cockroach, roach
315	n02236044	mantis.n.01	mantis	mantis, mantid
316	n02256656	cicada.n.01	cicada	cicada, cicala
317	n02259212	leafhopper.n.01	leafhopper	leafhopper
318	n02264363	lacewing.n.01	lacewing	lacewing, lacewing fly
319	n02268443	dragonfly.n.01	dragonfly	dragonfly, darning needle, devil's darning needle, sewing needle, snake feeder, snake doctor, mosquito hawk, skeeter hawk
320	n02268853	damselfly.n.01	damselfly	damselfly
321	n02276258	admiral.n.02	admiral	admiral
322	n02277742	ringlet.n.04	ringlet	ringlet, ringlet butterfly
323	n02279972	monarch.n.02	monarch	monarch, monarch butterfly, milkweed butterfly, Danaus plexippus
324	n02280649	cabbage_butterfly.n.01	cabbage butterfly	cabbage butterfly
325	n02281406	sulphur_butterfly.n.01	sulphur butterfly	sulphur butterfly, sulfur butterfly
326	n02281787	lycaenid.n.01	lycaenid	lycaenid, lycaenid butterfly
327	n02317335	starfish.n.01	starfish	starfish, sea star
328	n02319095	sea_urchin.n.01	sea urchin	sea urchin
329	n02321529	sea_cucumber.n.01	sea cucumber	sea cucumber, holothurian
330	n02325366	wood_rabbit.n.01	wood rabbit	wood rabbit, cottontail, cottontail rabbit
331	n02326432	hare.n.01	hare	hare
332	n02328150	angora.n.03	Angora	Angora, Angora rabbit
333	n02342885	hamster.n.01	hamster	hamster
334	n02346627	porcupine.n.01	porcupine	porcupine, hedgehog
335	n02356798	fox_squirrel.n.01	fox squirrel	fox squirrel, eastern fox squirrel, Sciurus niger
336	n02361337	marmot.n.01	marmot	marmot
337	n02363005	beaver.n.07	beaver	beaver
338	n02364673	guinea_pig.n.02	guinea pig	guinea pig, Cavia cobaya
339	n02389026	sorrel.n.05	sorrel	sorrel
340	n02391049	zebra.n.01	zebra	zebra
341	n02395406	hog.n.03	hog	hog, pig, grunter, squealer, Sus scrofa
342	n02396427	wild_boar.n.01	wild boar	wild boar, boar, Sus scrofa
343	n02397096	warthog.n.01	warthog	warthog
344	n02398521	hippopotamus.n.01	hippopotamus	hippopotamus, hippo, river horse, Hippopotamus amphibius
345	n02403003	ox.n.01	ox	ox
346	n02408429	water_buffalo.n.01	water buffalo	water buffalo, water ox, Asiatic buffalo, Bubalus bubalis
347	n02410509	bison.n.01	bison	bison
348	n02412080	ram.n.05	ram	ram, tup
349	n02415577	bighorn.n.02	bighorn	bighorn, bighorn sheep, cimarron, Rocky Mountain bighorn, Rocky Mountain sheep, Ovis canadensis
350	n02417914	ibex.n.01	ibex	ibex, Capra ibex
351	n02422106	hartebeest.n.01	hartebeest	hartebeest
352	n02422699	impala.n.01	impala	impala, Aepyceros melampus
353	n02423022	gazelle.n.01	gazelle	gazelle
354	n02437312	arabian_camel.n.01	Arabian camel	Arabian camel, dromedary, Camelus dromedarius
355	n02437616	llama.n.01	llama	llama
356	n02441942	weasel.n.02	weasel	weasel
357	n02442845	mink.n.03	mink	mink
358	n02443114	polecat.n.02	polecat	polecat, fitch, foulmart, foumart, Mustela putorius
359	n02443484	black-footed_ferret.n.01	black-footed ferret	black-footed ferret, ferret, Mustela nigripes
360	n02444819	otter.n.02	otter	otter
361	n02445715	skunk.n.04	skunk	skunk, polecat, wood pussy
362	n02447366	badger.n.02	badger	badger
363	n02454379	armadillo.n.01	armadillo	armadillo
364	n02457408	three-toed_sloth.n.01	three-toed sloth	three-toed sloth, ai, Bradypus tridactylus
365	n02480495	orangutan.n.01	orangutan	orangutan, orang, orangutang, Pongo pygmaeus
366	n02480855	gorilla.n.01	gorilla	gorilla, Gorilla gorilla
367	n02481823	chimpanzee.n.01	chimpanzee	chimpanzee, chimp, Pan troglodytes
368	n02483362	gibbon.n.02	gibbon	gibbon, Hylobates lar
369	n02483708	siamang.n.01	siamang	siamang, Hylobates syndactylus, Symphalangus syndactylus
370	n02484975	guenon.n.01	guenon	guenon, guenon monkey
371	n02486261	patas.n.01	patas	patas, hussar monkey, Erythrocebus patas
372	n02486410	baboon.n.01	baboon	baboon
373	n02487347	macaque.n.01	macaque	macaque
374	n02488291	langur.n.01	langur	langur
375	n02488702	colobus.n.01	colobus	colobus, colobus monkey
376	n02489166	proboscis_monkey.n.01	proboscis monkey	proboscis monkey, Nasalis larvatus
377	n02490219	marmoset.n.01	marmoset	marmoset
378	n02492035	capuchin.n.02	capuchin	capuchin, ringtail, Cebus capucinus
379	n02492660	howler_monkey.n.01	howler monkey	howler monkey, howler
380	n02493509	titi.n.03	titi	titi, titi monkey
381	n02493793	spider_monkey.n.01	spider monkey	spider monkey, Ateles geoffroyi
382	n02494079	squirrel_monkey.n.01	squirrel monkey	squirrel monkey, Saimiri sciureus
383	n02497673	madagascar_cat.n.01	Madagascar cat	Madagascar cat, ring-tailed lemur, Lemur catta
384	n02500267	indri.n.01	indri	indri, indris, Indri indri, Indri brevicaudatus
385	n02504013	indian_elephant.n.01	Indian elephant	Indian elephant, Elephas maximus
386	n02504458	african_elephant.n.01	African elephant	African elephant, Loxodonta africana
387	n02509815	lesser_panda.n.01	lesser panda	lesser panda, red panda, panda, bear cat, cat bear, Ailurus fulgens
388	n02510455	giant_panda.n.01	giant panda	giant panda, panda, panda bear, coon bear, Ailuropoda melanoleuca
389	n02514041	barracouta.n.01	barracouta	barracouta, snoek
390	n02526121	eel.n.02	eel	eel
391	n02536864	coho.n.02	coho	coho, cohoe, coho salmon, blue jack, silver salmon, Oncorhynchus kisutch
392	n02606052	rock_beauty.n.01	rock beauty	rock beauty, Holocanthus tricolor
393	n02607072	anemone_fish.n.01	anemone fish	anemone fish
394	n02640242	sturgeon.n.01	sturgeon	sturgeon
395	n02641379	gar.n.01	gar	gar, garfish, garpike, billfish, Lepisosteus osseus
396	n02643566	lionfish.n.01	lionfish	lionfish
397	n02655020	puffer.n.02	puffer	puffer, pufferfish, blowfish, globefish
398	n02666196	abacus.n.02	abacus	abacus
399	n02667093	abaya.n.01	abaya	abaya
400	n02669723	academic_gown.n.01	academic gown	academic gown, academic robe, judge's robe
401	n02672831	accordion.n.01	accordion	accordion, piano accordion, squeeze box
402	n02676566	acoustic_guitar.n.01	acoustic guitar	acoustic guitar
403	n02687172	aircraft_carrier.n.01	aircraft carrier	aircraft carrier, carrier, flattop, attack aircraft carrier
404	n02690373	airliner.n.01	airliner	airliner
405	n02692877	airship.n.01	airship	airship, dirigible
406	n02699494	altar.n.02	altar	altar
407	n02701002	ambulance.n.01	ambulance	ambulance
408	n02704792	amphibian.n.01	amphibian	amphibian, amphibious vehicle
409	n02708093	analog_clock.n.01	analog clock	analog clock
410	n02727426	apiary.n.01	apiary	apiary, bee house
411	n02730930	apron.n.01	apron	apron
412	n02747177	ashcan.n.01	ashcan	ashcan, trash can, garbage can, wastebin, ash bin, ash-bin, ashbin, dustbin, trash barrel, trash bin
413	n02749479	assault_rifle.n.01	assault rifle	assault rifle, assault gun
414	n02769748	backpack.n.01	backpack	backpack, back pack, knapsack, packsack, rucksack, haversack
415	n02776631	bakery.n.01	bakery	bakery, bakeshop, bakehouse
416	n02777292	balance_beam.n.01	balance beam	balance beam, beam
417	n02782093	balloon.n.01	balloon	balloon
418	n02783161	ballpoint.n.01	ballpoint	ballpoint, ballpoint pen, ballpen, Biro
419	n02786058	band_aid.n.01	Band Aid	Band Aid
420	n02787622	banjo.n.01	banjo	banjo
421	n02788148	bannister.n.02	bannister	bannister, banister, balustrade, balusters, handrail
422	n02790996	barbell.n.01	barbell	barbell
423	n02791124	barber_chair.n.01	barber chair	barber chair
424	n02791270	barbershop.n.01	barbershop	barbershop
425	n02793495	barn.n.01	barn	barn
426	n02794156	barometer.n.01	barometer	barometer
427	n02795169	barrel.n.02	barrel	barrel, cask
428	n02797295	barrow.n.03	barrow	barrow, garden cart, lawn cart, wheelbarrow
429	n02799071	baseball.n.02	baseball	baseball
430	n02802426	basketball.n.02	basketball	basketball
431	n02804414	bassinet.n.01	bassinet	bassinet
432	n02804610	bassoon.n.01	bassoon	bassoon
433	n02807133	bathing_cap.n.01	bathing cap	bathing cap, swimming cap
434	n02808304	bath_towel.n.01	bath towel	bath towel
435	n02808440	bathtub.n.01	bathtub	bathtub, bathing tub, bath, tub
436	n02814533	beach_wagon.n.01	beach wagon	beach wagon, station wagon, wagon, estate car, beach waggon, station waggon, waggon
437	n02814860	beacon.n.03	beacon	beacon, lighthouse, beacon light, pharos
438	n02815834	beaker.n.01	beaker	beaker
439	n02817516	bearskin.n.02	bearskin	bearskin, busby, shako
440	n02823428	beer_bottle.n.01	beer bottle	beer bottle
441	n02823750	beer_glass.n.01	beer glass	beer glass
442	n02825657	bell_cote.n.01	bell cote	bell cote, bell cot
443	n02834397	bib.n.01	bib	bib
444	n02835271	bicycle-built-for-two.n.01	bicycle-built-for-two	bicycle-built-for-two, tandem bicycle, tandem
445	n02837789	bikini.n.02	bikini	bikini, two-piece
446	n02840245	binder.n.03	binder	binder, ring-binder
447	n02841315	binoculars.n.01	binoculars	binoculars, field glasses, opera glasses
448	n02843684	birdhouse.n.01	birdhouse	birdhouse
449	n02859443	boathouse.n.01	boathouse	boathouse
450	n02860847	bobsled.n.02	bobsled	bobsled, bobsleigh, bob
451	n02865351	bolo_tie.n.01	bolo tie	bolo tie, bolo, bola tie, bola
452	n02869837	bonnet.n.01	bonnet	bonnet, poke bonnet
453	n02870880	bookcase.n.01	bookcase	bookcase
454	n02871525	bookshop.n.01	bookshop	bookshop, bookstore, bookstall
455	n02877765	bottlecap.n.01	bottlecap	bottlecap
456	n02879718	bow.n.04	bow	bow
457	n02883205	bow_tie.n.01	bow tie	bow tie, bow-tie, bowtie
458	n02892201	brass.n.07	brass	brass, memorial tablet, plaque
459	n02892767	brassiere.n.01	brassiere	brassiere, bra, bandeau
460	n02894605	breakwater.n.01	breakwater	breakwater, groin, groyne, mole, bulwark, seawall, jetty
461	n02895154	breastplate.n.01	breastplate	breastplate, aegis, egis
462	n02906734	broom.n.01	broom	broom
463	n02909870	bucket.n.01	bucket	bucket, pail
464	n02910353	buckle.n.01	buckle	buckle
465	n02916936	bulletproof_vest.n.01	bulletproof vest	bulletproof vest
466	n02917067	bullet_train.n.01	bullet train	bullet train, bullet
467	n02927161	butcher_shop.n.01	butcher shop	butcher shop, meat market
468	n02930766	cab.n.03	cab	cab, hack, taxi, taxicab
469	n02939185	caldron.n.01	caldron	caldron, cauldron
470	n02948072	candle.n.01	candle	candle, taper, wax light
471	n02950826	cannon.n.02	cannon	cannon
472	n02951358	canoe.n.01	canoe	canoe
473	n02951585	can_opener.n.01	can opener	can opener, tin opener
474	n02963159	cardigan.n.01	cardigan	cardigan
475	n02965783	car_mirror.n.01	car mirror	car mirror
476	n02966193	carousel.n.02	carousel	carousel, carrousel, merry-go-round, roundabout, whirligig
477	n02966687	carpenter's_kit.n.01	carpenter's kit	carpenter's kit, tool kit
478	n02971356	carton.n.02	carton	carton
479	n02974003	car_wheel.n.01	car wheel	car wheel
480	n02977058	cash_machine.n.01	cash machine	cash machine, cash dispenser, automated teller machine, automatic teller machine, automated teller, automatic teller, ATM
481	n02978881	cassette.n.01	cassette	cassette
482	n02979186	cassette_player.n.01	cassette player	cassette player
483	n02980441	castle.n.02	castle	castle
484	n02981792	catamaran.n.01	catamaran	catamaran
485	n02988304	cd_player.n.01	CD player	CD player
486	n02992211	cello.n.01	cello	cello, violoncello
487	n02992529	cellular_telephone.n.01	cellular telephone	cellular telephone, cellular phone, cellphone, cell, mobile phone
488	n02999410	chain.n.03	chain	chain
489	n03000134	chainlink_fence.n.01	chainlink fence	chainlink fence
490	n03000247	chain_mail.n.01	chain mail	chain mail, ring mail, mail, chain armor, chain armour, ring armor, ring armour
491	n03000684	chain_saw.n.01	chain saw	chain saw, chainsaw
492	n03014705	chest.n.02	chest	chest
493	n03016953	chiffonier.n.01	chiffonier	chiffonier, commode
494	n03017168	chime.n.01	chime	chime, bell, gong
495	n03018349	china_cabinet.n.01	china cabinet	china cabinet, china closet
496	n03026506	christmas_stocking.n.01	Christmas stocking	Christmas stocking
497	n03028079	church.n.02	church	church, church building
498	n03032252	cinema.n.02	cinema	cinema, movie theater, movie theatre, movie house, picture palace
499	n03041632	cleaver.n.01	cleaver	cleaver, meat cleaver, chopper
500	n03042490	cliff_dwelling.n.01	cliff dwelling	cliff dwelling
501	n03045698	cloak.n.01	cloak	cloak
502	n03047690	clog.n.01	clog	clog, geta, patten, sabot
503	n03062245	cocktail_shaker.n.01	cocktail shaker	cocktail shaker
504	n03063599	coffee_mug.n.01	coffee mug	coffee mug
505	n03063689	coffeepot.n.01	coffeepot	coffeepot
506	n03065424	coil.n.01	coil	coil, spiral, volute, whorl, helix
507	n03075370	combination_lock.n.01	combination lock	combination lock
508	n03085013	computer_keyboard.n.01	computer keyboard	computer keyboard, keypad
509	n03089624	confectionery.n.02	confectionery	confectionery, confectionary, candy store
510	n03095699	container_ship.n.01	container ship	container ship, containership, container vessel
511	n03100240	convertible.n.01	convertible	convertible
512	n03109150	corkscrew.n.01	corkscrew	corkscrew, bottle screw
513	n03110669	cornet.n.01	cornet	cornet, horn, trumpet, trump
514	n03124043	cowboy_boot.n.01	cowboy boot	cowboy boot
515	n03124170	cowboy_hat.n.01	cowboy hat	cowboy hat, ten-gallon hat
516	n03125729	cradle.n.01	cradle	cradle
517	n03126707	crane.n.04	crane (lifting device)	crane
518	n03127747	crash_helmet.n.01	crash helmet	crash helmet
519	n03127925	crate.n.01	crate	crate
520	n03131574	crib.n.01	crib	crib, cot
521	n03133878	crock_pot.n.01	Crock Pot	Crock Pot
522	n03134739	croquet_ball.n.01	croquet ball	croquet ball
523	n03141823	crutch.n.01	crutch	crutch
524	n03146219	cuirass.n.01	cuirass	cuirass
525	n03160309	dam.n.01	dam	dam, dike, dyke
526	n03179701	desk.n.01	desk	desk
527	n03180011	desktop_computer.n.01	desktop computer	desktop computer
528	n03187595	dial_telephone.n.01	dial telephone	dial telephone, dial phone
529	n03188531	diaper.n.01	diaper	diaper, nappy, napkin
530	n03196217	digital_clock.n.01	digital clock	digital clock
531	n03197337	digital_watch.n.01	digital watch	digital watch
532	n03201208	dining_table.n.01	dining table	dining table, board
533	n03207743	dishrag.n.01	dishrag	dishrag, dishcloth
534	n03207941	dishwasher.n.01	dishwasher	dishwasher, dish washer, dishwashing machine
535	n03208938	disk_brake.n.01	disk brake	disk brake, disc brake
536	n03216828	dock.n.05	dock	dock, dockage, docking facility
537	n03218198	dogsled.n.01	dogsled	dogsled, dog sled, dog sleigh
538	n03220513	dome.n.04	dome	dome
539	n03223299	doormat.n.02	doormat	doormat, welcome mat
540	n03240683	drilling_platform.n.01	drilling platform	drilling platform, offshore rig
541	n03249569	drum.n.01	drum	drum, membranophone, tympan
542	n03250847	drumstick.n.02	drumstick	drumstick
543	n03255030	dumbbell.n.01	dumbbell	dumbbell
544	n03259280	dutch_oven.n.01	Dutch oven	Dutch oven
545	n03271574	electric_fan.n.01	electric fan	electric fan, blower
546	n03272010	electric_guitar.n.01	electric guitar	electric guitar
547	n03272562	electric_locomotive.n.01	electric locomotive	electric locomotive
548	n03290653	entertainment_center.n.01	entertainment center	entertainment center
549	n03291819	envelope.n.01	envelope	envelope
550	n03297495	espresso_maker.n.01	espresso maker	espresso maker
551	n03314780	face_powder.n.01	face powder	face powder
552	n03325584	feather_boa.n.01	feather boa	feather boa, boa
553	n03337140	file.n.03	file	file, file cabinet, filing cabinet
554	n03344393	fireboat.n.01	fireboat	fireboat
555	n03345487	fire_engine.n.01	fire engine	fire engine, fire truck
556	n03347037	fire_screen.n.01	fire screen	fire screen, fireguard
557	n03355925	flagpole.n.02	flagpole	flagpole, flagstaff
558	n03372029	flute.n.01	flute	flute, transverse flute
559	n03376595	folding_chair.n.01	folding chair	folding chair
560	n03379051	football_helmet.n.01	football helmet	football helmet
561	n03384352	forklift.n.01	forklift	forklift
562	n03388043	fountain.n.01	fountain	fountain
563	n03388183	fountain_pen.n.01	fountain pen	fountain pen
564	n03388549	four-poster.n.01	four-poster	four-poster
565	n03393912	freight_car.n.01	freight car	freight car
566	n03394916	french_horn.n.01	French horn	French horn, horn
567	n03400231	frying_pan.n.01	frying pan	frying pan, frypan, skillet
568	n03404251	fur_coat.n.01	fur coat	fur coat
569	n03417042	garbage_truck.n.01	garbage truck	garbage truck, dustcart
570	n03424325	gasmask.n.01	gasmask	gasmask, respirator, gas helmet
571	n03425413	gas_pump.n.01	gas pump	gas pump, gasoline pump, petrol pump, island dispenser
572	n03443371	goblet.n.01	goblet	goblet
573	n03444034	go-kart.n.01	go-kart	go-kart
574	n03445777	golf_ball.n.01	golf ball	golf ball
575	n03445924	golfcart.n.01	golfcart	golfcart, golf cart
576	n03447447	gondola.n.02	gondola	gondola
577	n03447721	gong.n.01	gong	gong, tam-tam
578	n03450230	gown.n.01	gown	gown
579	n03452741	grand_piano.n.01	grand piano	grand piano, grand
580	n03457902	greenhouse.n.01	greenhouse	greenhouse, nursery, glasshouse
581	n03459775	grille.n.02	grille	grille, radiator grille
582	n03461385	grocery_store.n.01	grocery store	grocery store, grocery, food market, market
583	n03467068	guillotine.n.02	guillotine	guillotine
584	n03476684	hair_slide.n.01	hair slide	hair slide
585	n03476991	hair_spray.n.01	hair spray	hair spray
586	n03478589	half_track.n.01	half track	half track
587	n03481172	hammer.n.02	hammer	hammer
588	n03482405	hamper.n.02	hamper	hamper
589	n03483316	hand_blower.n.01	hand blower	hand blower, blow dryer, blow drier, hair dryer, hair drier
590	n03485407	hand-held_computer.n.01	hand-held computer	hand-held computer, hand-held microcomputer
591	n03485794	handkerchief.n.01	handkerchief	handkerchief, hankie, hanky, hankey
592	n03492542	hard_disc.n.01	hard disc	hard disc, hard disk, fixed disk
593	n03494278	harmonica.n.01	harmonica	harmonica, mouth organ, harp, mouth harp
594	n03495258	harp.n.01	harp	harp
595	n03496892	harvester.n.02	harvester	harvester, reaper
596	n03498962	hatchet.n.02	hatchet	hatchet
597	n03527444	holster.n.01	holster	holster
598	n03529860	home_theater.n.01	home theater	home theater, home theatre
599	n03530642	honeycomb.n.02	honeycomb	honeycomb
600	n03532672	hook.n.04	hook	hook, claw
601	n03534580	hoopskirt.n.01	hoopskirt	hoopskirt, crinoline
602	n03535780	horizontal_bar.n.01	horizontal bar	horizontal bar, high bar
603	n03538406	horse_cart.n.01	horse cart	horse cart, horse-cart
604	n03544143	hourglass.n.01	hourglass	hourglass
605	n03584254	ipod.n.01	iPod	iPod
606	n03584829	iron.n.04	iron	iron, smoothing iron
607	n03590841	jack-o'-lantern.n.02	jack-o'-lantern	jack-o'-lantern
608	n03594734	jean.n.01	jean	jean, blue jean, denim
609	n03594945	jeep.n.01	jeep	jeep, landrover
610	n03595614	jersey.n.03	jersey	jersey, T-shirt, tee shirt
611	n03598930	jigsaw_puzzle.n.01	jigsaw puzzle	jigsaw puzzle
612	n03599486	jinrikisha.n.01	jinrikisha	jinrikisha, ricksha, rickshaw
613	n03602883	joystick.n.02	joystick	joystick
614	n03617480	kimono.n.01	kimono	kimono
615	n03623198	knee_pad.n.01	knee pad	knee pad
616	n03627232	knot.n.02	knot	knot
617	n03630383	lab_coat.n.01	lab coat	lab coat, laboratory coat
618	n03633091	ladle.n.01	ladle	ladle
619	n03637318	lampshade.n.01	lampshade	lampshade, lamp shade
620	n03642806	laptop.n.01	laptop	laptop, laptop computer
621	n03649909	lawn_mower.n.01	lawn mower	lawn mower, mower
622	n03657121	lens_cap.n.01	lens cap	lens cap, lens cover
623	n03658185	letter_opener.n.01	letter opener	letter opener, paper knife, paperknife
624	n03661043	library.n.05	library	library
625	n03662601	lifeboat.n.01	lifeboat	lifeboat
626	n03666591	lighter.n.02	lighter	lighter, light, igniter, ignitor
627	n03670208	limousine.n.01	limousine	limousine, limo
628	n03673027	liner.n.04	liner	liner, ocean liner
629	n03676483	lipstick.n.01	lipstick	lipstick, lip rouge
630	n03680355	loafer.n.02	Loafer	Loafer
631	n03690938	lotion.n.01	lotion	lotion
632	n03691459	loudspeaker.n.01	loudspeaker	loudspeaker, speaker, speaker unit, loudspeaker system, speaker system
633	n03692522	loupe.n.01	loupe	loupe, jeweler's loupe
634	n03697007	lumbermill.n.01	lumbermill	lumbermill, sawmill
635	n03706229	magnetic_compass.n.01	magnetic compass	magnetic compass
636	n03709823	mailbag.n.02	mailbag	mailbag, postbag
637	n03710193	mailbox.n.01	mailbox	mailbox, letter box
638	n03710637	maillot.n.02	maillot (tights)	maillot
639	n03710721	maillot.n.01	maillot (swimsuit)	maillot, tank suit
640	n03717622	manhole_cover.n.01	manhole cover	manhole cover
641	n03720891	maraca.n.01	maraca	maraca
642	n03721384	marimba.n.01	marimba	marimba, xylophone
643	n03724870	mask.n.01	mask	mask
644	n03729826	matchstick.n.01	matchstick	matchstick
645	n03733131	maypole.n.01	maypole	maypole
646	n03733281	maze.n.01	maze	maze, labyrinth
647	n03733805	measuring_cup.n.01	measuring cup	measuring cup
648	n03742115	medicine_chest.n.01	medicine chest	medicine chest, medicine cabinet
649	n03743016	megalith.n.01	megalith	megalith, megalithic structure
650	n03759954	microphone.n.01	microphone	microphone, mike
651	n03761084	microwave.n.02	microwave	microwave, microwave oven
652	n03763968	military_uniform.n.01	military uniform	military uniform
653	n03764736	milk_can.n.01	milk can	milk can
654	n03769881	minibus.n.01	minibus	minibus
655	n03770439	miniskirt.n.01	miniskirt	miniskirt, mini
656	n03770679	minivan.n.01	minivan	minivan
657	n03773504	missile.n.01	missile	missile
658	n03775071	mitten.n.01	mitten	mitten
659	n03775546	mixing_bowl.n.01	mixing bowl	mixing bowl
660	n03776460	mobile_home.n.01	mobile home	mobile home, manufactured home
661	n03777568	model_t.n.01	Model T	Model T
662	n03777754	modem.n.01	modem	modem
663	n03781244	monastery.n.01	monastery	monastery
664	n03782006	monitor.n.05	monitor	monitor
665	n03785016	moped.n.01	moped	moped
666	n03786901	mortar.n.03	mortar	mortar
667	n03787032	mortarboard.n.02	mortarboard	mortarboard
668	n03788195	mosque.n.01	mosque	mosque
669	n03788365	mosquito_net.n.01	mosquito net	mosquito net
670	n03791053	motor_scooter.n.01	motor scooter	motor scooter, scooter
671	n03792782	mountain_bike.n.01	mountain bike	mountain bike, all-terrain bike, off-roader
672	n03792972	mountain_tent.n.01	mountain tent	mountain tent
673	n03793489	mouse.n.04	mouse	mouse, computer mouse
674	n03794056	mousetrap.n.01	mousetrap	mousetrap
675	n03796401	moving_van.n.01	moving van	moving van
676	n03803284	muzzle.n.03	muzzle	muzzle
677	n03804744	nail.n.02	nail	nail
678	n03814639	neck_brace.n.01	neck brace	neck brace
679	n03814906	necklace.n.01	necklace	necklace
680	n03825788	nipple.n.02	nipple	nipple
681	n03832673	notebook.n.02	notebook	notebook, notebook computer
682	n03837869	obelisk.n.01	obelisk	obelisk
683	n03838899	oboe.n.01	oboe	oboe, hautboy, hautbois
684	n03840681	ocarina.n.01	ocarina	ocarina, sweet potato
685	n03841143	odometer.n.01	odometer	odometer, hodometer, mileometer, milometer
686	n03843555	oil_filter.n.01	oil filter	oil filter
687	n03854065	organ.n.05	organ	organ, pipe organ
688	n03857828	oscilloscope.n.01	oscilloscope	oscilloscope, scope, cathode-ray oscilloscope, CRO
689	n03866082	overskirt.n.01	overskirt	overskirt
690	n03868242	oxcart.n.01	oxcart	oxcart
691	n03868863	oxygen_mask.n.01	oxygen mask	oxygen mask
692	n03871628	packet.n.03	packet	packet
693	n03873416	paddle.n.04	paddle	paddle, boat paddle
694	n03874293	paddlewheel.n.01	paddlewheel	paddlewheel, paddle wheel
695	n03874599	padlock.n.01	padlock	padlock
696	n03876231	paintbrush.n.01	paintbrush	paintbrush
697	n03877472	pajama.n.02	pajama	pajama, pyjama, pj's, jammies
698	n03877845	palace.n.04	palace	palace
699	n03884397	panpipe.n.01	panpipe	panpipe, pandean pipe, syrinx
700	n03887697	paper_towel.n.01	paper towel	paper towel
701	n03888257	parachute.n.01	parachute	parachute, chute
702	n03888605	parallel_bars.n.01	parallel bars	parallel bars, bars
703	n03891251	park_bench.n.01	park bench	park bench
704	n03891332	parking_meter.n.01	parking meter	parking meter
705	n03895866	passenger_car.n.01	passenger car	passenger car, coach, carriage
706	n03899768	patio.n.01	patio	patio, terrace
707	n03902125	pay-phone.n.01	pay-phone	pay-phone, pay-station
708	n03903868	pedestal.n.03	pedestal	pedestal, plinth, footstall
709	n03908618	pencil_box.n.01	pencil box	pencil box, pencil case
710	n03908714	pencil_sharpener.n.01	pencil sharpener	pencil sharpener
711	n03916031	perfume.n.02	perfume	perfume, essence
712	n03920288	petri_dish.n.01	Petri dish	Petri dish
713	n03924679	photocopier.n.01	photocopier	photocopier
714	n03929660	pick.n.05	pick	pick, plectrum, plectron
715	n03929855	pickelhaube.n.01	pickelhaube	pickelhaube
716	n03930313	picket_fence.n.01	picket fence	picket fence, paling
717	n03930630	pickup.n.01	pickup	pickup, pickup truck
718	n03933933	pier.n.03	pier	pier
719	n03935335	piggy_bank.n.01	piggy bank	piggy bank, penny bank
720	n03937543	pill_bottle.n.01	pill bottle	pill bottle
721	n03938244	pillow.n.01	pillow	pillow
722	n03942813	ping-pong_ball.n.01	ping-pong ball	ping-pong ball
723	n03944341	pinwheel.n.02	pinwheel	pinwheel
724	n03947888	pirate.n.03	pirate	pirate, pirate ship
725	n03950228	pitcher.n.02	pitcher	pitcher, ewer
726	n03954731	plane.n.05	plane	plane, carpenter's plane, woodworking plane
727	n03956157	planetarium.n.01	planetarium	planetarium
728	n03958227	plastic_bag.n.01	plastic bag	plastic bag
729	n03961711	plate_rack.n.01	plate rack	plate rack
730	n03967562	plow.n.01	plow	plow, plough
731	n03970156	plunger.n.03	plunger	plunger, plumber's helper
732	n03976467	polaroid_camera.n.01	Polaroid camera	Polaroid camera, Polaroid Land camera
733	n03976657	pole.n.01	pole	pole
734	n03977966	police_van.n.01	police van	police van, police wagon, paddy wagon, patrol wagon, wagon, black Maria
735	n03980874	poncho.n.01	poncho	poncho
736	n03982430	pool_table.n.01	pool table	pool table, billiard table, snooker table
737	n03983396	pop_bottle.n.01	pop bottle	pop bottle, soda bottle
738	n03991062	pot.n.04	pot	pot, flowerpot
739	n03992509	potter's_wheel.n.01	potter's wheel	potter's wheel
740	n03995372	power_drill.n.01	power drill	power drill
741	n03998194	prayer_rug.n.01	prayer rug	prayer rug, prayer mat
742	n04004767	printer.n.02	printer	printer
743	n04005630	prison.n.01	prison	prison, prison house
744	n04008634	projectile.n.01	projectile	projectile, missile
745	n04009552	projector.n.02	projector	projector
746	n04019541	puck.n.02	puck	puck, hockey puck
747	n04023962	punching_bag.n.02	punching bag	punching bag, punch bag, punching ball, punchball
748	n04026417	purse.n.03	purse	purse
749	n04033901	quill.n.01	quill	quill, quill pen
750	n04033995	quilt.n.01	quilt	quilt, comforter, comfort, puff
751	n04037443	racer.n.02	racer	racer, race car, racing car
752	n04039381	racket.n.04	racket	racket, racquet
753	n04040759	radiator.n.03	radiator	radiator
754	n04041544	radio.n.03	radio	radio, wireless
755	n04044716	radio_telescope.n.01	radio telescope	radio telescope, radio reflector
756	n04049303	rain_barrel.n.01	rain barrel	rain barrel
757	n04065272	recreational_vehicle.n.01	recreational vehicle	recreational vehicle, RV, R.V.
758	n04067472	reel.n.03	reel	reel
759	n04069434	reflex_camera.n.01	reflex camera	reflex camera
760	n04070727	refrigerator.n.01	refrigerator	refrigerator, icebox
761	n04074963	remote_control.n.01	remote control	remote control, remote
762	n04081281	restaurant.n.01	restaurant	restaurant, eating house, eating place, eatery
763	n04086273	revolver.n.01	revolver	revolver, six-gun, six-shooter
764	n04090263	rifle.n.01	rifle	rifle
765	n04099969	rocking_chair.n.01	rocking chair	rocking chair, rocker
766	n04111531	rotisserie.n.01	rotisserie	rotisserie
767	n04116512	rubber_eraser.n.01	rubber eraser	rubber eraser, rubber, pencil eraser
768	n04118538	rugby_ball.n.01	rugby ball	rugby ball
769	n04118776	rule.n.12	rule	rule, ruler
770	n04120489	running_shoe.n.01	running shoe	running shoe
771	n04125021	safe.n.01	safe	safe
772	n04127249	safety_pin.n.01	safety pin	safety pin
773	n04131690	saltshaker.n.01	saltshaker	saltshaker, salt shaker
774	n04133789	sandal.n.01	sandal	sandal
775	n04136333	sarong.n.01	sarong	sarong
776	n04141076	sax.n.02	sax	sax, saxophone
777	n04141327	scabbard.n.01	scabbard	scabbard
778	n04141975	scale.n.07	scale	scale, weighing machine
779	n04146614	school_bus.n.01	school bus	school bus
780	n04147183	schooner.n.02	schooner	schooner
781	n04149813	scoreboard.n.01	scoreboard	scoreboard
782	n04152593	screen.n.03	screen	screen, CRT screen
783	n04153751	screw.n.04	screw	screw
784	n04154565	screwdriver.n.01	screwdriver	screwdriver
785	n04162706	seat_belt.n.01	seat belt	seat belt, seatbelt
786	n04179913	sewing_machine.n.01	sewing machine	sewing machine
787	n04192698	shield.n.02	shield	shield, buckler
788	n04200800	shoe_shop.n.01	shoe shop	shoe shop, shoe-shop, shoe store
789	n04201297	shoji.n.01	shoji	shoji
790	n04204238	shopping_basket.n.01	shopping basket	shopping basket
791	n04204347	shopping_cart.n.01	shopping cart	shopping cart
792	n04208210	shovel.n.01	shovel	shovel
793	n04209133	shower_cap.n.01	shower cap	shower cap
794	n04209239	shower_curtain.n.01	shower curtain	shower curtain
795	n04228054	ski.n.01	ski	ski
796	n04229816	ski_mask.n.01	ski mask	ski mask
797	n04235860	sleeping_bag.n.01	sleeping bag	sleeping bag
798	n04238763	slide_rule.n.01	slide rule	slide rule, slipstick
799	n04239074	sliding_door.n.01	sliding door	sliding door
800	n04243546	slot.n.07	slot	slot, one-armed bandit
801	n04251144	snorkel.n.01	snorkel	snorkel
802	n04252077	snowmobile.n.01	snowmobile	snowmobile
803	n04252225	snowplow.n.01	snowplow	snowplow, snowplough
804	n04254120	soap_dispenser.n.01	soap dispenser	soap dispenser
805	n04254680	soccer_ball.n.01	soccer ball	soccer ball
806	n04254777	sock.n.01	sock	sock
807	n04258138	solar_dish.n.01	solar dish	solar dish, solar collector, solar furnace
808	n04259630	sombrero.n.02	sombrero	sombrero
809	n04263257	soup_bowl.n.01	soup bowl	soup bowl
810	n04264628	space_bar.n.01	space bar	space bar
811	n04265275	space_heater.n.01	space heater	space heater
812	n04266014	space_shuttle.n.01	space shuttle	space shuttle
813	n04270147	spatula.n.01	spatula	spatula
814	n04273569	speedboat.n.01	speedboat	speedboat
815	n04275548	spider_web.n.01	spider web	spider web, spider's web
816	n04277352	spindle.n.04	spindle	spindle
817	n04285008	sports_car.n.01	sports car	sports car, sport car
818	n04286575	spotlight.n.02	spotlight	spotlight, spot
819	n04296562	stage.n.03	stage	stage
820	n04310018	steam_locomotive.n.01	steam locomotive	steam locomotive
821	n04311004	steel_arch_bridge.n.01	steel arch bridge	steel arch bridge
822	n04311174	steel_drum.n.01	steel drum	steel drum
823	n04317175	stethoscope.n.01	stethoscope	stethoscope
824	n04325704	stole.n.01	stole	stole
825	n04326547	stone_wall.n.01	stone wall	stone wall
826	n04328186	stopwatch.n.01	stopwatch	stopwatch, stop watch
827	n04330267	stove.n.02	stove	stove
828	n04332243	strainer.n.01	strainer	strainer
829	n04335435	streetcar.n.01	streetcar	streetcar, tram, tramcar, trolley, trolley car
830	n04336792	stretcher.n.03	stretcher	stretcher
831	n04344873	studio_couch.n.01	studio couch	studio couch, day bed
832	n04346328	stupa.n.01	stupa	stupa, tope
833	n04347754	submarine.n.01	submarine	submarine, pigboat, sub, U-boat
834	n04350905	suit.n.01	suit	suit, suit of clothes
835	n04355338	sundial.n.01	sundial	sundial
836	n04355933	sunglass.n.01	sunglass	sunglass
837	n04356056	sunglasses.n.01	sunglasses	sunglasses, dark glasses, shades
838	n04357314	sunscreen.n.01	sunscreen	sunscreen, sunblock, sun blocker
839	n04366367	suspension_bridge.n.01	suspension bridge	suspension bridge
840	n04367480	swab.n.02	swab	swab, swob, mop
841	n04370456	sweatshirt.n.01	sweatshirt	sweatshirt
842	n04371430	swimming_trunks.n.01	swimming trunks	swimming trunks, bathing trunks
843	n04371774	swing.n.02	swing	swing
844	n04372370	switch.n.01	switch	switch, electric switch, electrical switch
845	n04376876	syringe.n.01	syringe	syringe
846	n04380533	table_lamp.n.01	table lamp	table lamp
847	n04389033	tank.n.01	tank	tank, army tank, armored combat vehicle, armoured combat vehicle
848	n04392985	tape_player.n.01	tape player	tape player
849	n04398044	teapot.n.01	teapot	teapot
850	n04399382	teddy.n.01	teddy	teddy, teddy bear
851	n04404412	television.n.02	television	television, television system
852	n04409515	tennis_ball.n.01	tennis ball	tennis ball
853	n04417672	thatch.n.04	thatch	thatch, thatched roof
854	n04418357	theater_curtain.n.01	theater curtain	theater curtain, theatre curtain
855	n04423845	thimble.n.02	thimble	thimble
856	n04428191	thresher.n.01	thresher	thresher, thrasher, threshing machine
857	n04429376	throne.n.01	throne	throne
858	n04435653	tile_roof.n.01	tile roof	tile roof
859	n04442312	toaster.n.02	toaster	toaster
860	n04443257	tobacco_shop.n.01	tobacco shop	tobacco shop, tobacconist shop, tobacconist
861	n04447861	toilet_seat.n.01	toilet seat	toilet seat
862	n04456115	torch.n.01	torch	torch
863	n04458633	totem_pole.n.01	totem pole	totem pole
864	n04461696	tow_truck.n.01	tow truck	tow truck, tow car, wrecker
865	n04462240	toyshop.n.01	toyshop	toyshop
866	n04465501	tractor.n.01	tractor	tractor
867	n04467665	trailer_truck.n.01	trailer truck	trailer truck, tractor trailer, trucking rig, rig, articulated lorry, semi
868	n04476259	tray.n.01	tray	tray
869	n04479046	trench_coat.n.01	trench coat	trench coat
870	n04482393	tricycle.n.01	tricycle	tricycle, trike, velocipede
871	n04483307	trimaran.n.01	trimaran	trimaran
872	n04485082	tripod.n.01	tripod	tripod
873	n04486054	triumphal_arch.n.01	triumphal arch	triumphal arch
874	n04487081	trolleybus.n.01	trolleybus	trolleybus, trolley coach, trackless trolley
875	n04487394	trombone.n.01	trombone	trombone
876	n04493381	tub.n.02	tub	tub, vat
877	n04501370	turnstile.n.01	turnstile	turnstile
878	n04505470	typewriter_keyboard.n.01	typewriter keyboard	typewriter keyboard
879	n04507155	umbrella.n.01	umbrella	umbrella
880	n04509417	unicycle.n.01	unicycle	unicycle, monocycle
881	n04515003	upright.n.02	upright	upright, upright piano
882	n04517823	vacuum.n.04	vacuum	vacuum, vacuum cleaner
883	n04522168	vase.n.01	vase	vase
884	n04523525	vault.n.03	vault	vault
885	n04525038	velvet.n.01	velvet	velvet
886	n04525305	vending_machine.n.01	vending machine	vending machine
887	n04532106	vestment.n.01	vestment	vestment
888	n04532670	viaduct.n.01	viaduct	viaduct
889	n04536866	violin.n.01	violin	violin, fiddle
890	n04540053	volleyball.n.02	volleyball	volleyball
891	n04542943	waffle_iron.n.01	waffle iron	waffle iron
892	n04548280	wall_clock.n.01	wall clock	wall clock
893	n04548362	wallet.n.01	wallet	wallet, billfold, notecase, pocketbook
894	n04550184	wardrobe.n.01	wardrobe	wardrobe, closet, press
895	n04552348	warplane.n.01	warplane	warplane, military plane
896	n04553703	washbasin.n.02	washbasin	washbasin, handbasin, washbowl, lavabo, wash-hand basin
897	n04554684	washer.n.03	washer	washer, automatic washer, washing machine
898	n04557648	water_bottle.n.01	water bottle	water bottle
899	n04560804	water_jug.n.01	water jug	water jug
900	n04562935	water_tower.n.01	water tower	water tower
901	n04579145	whiskey_jug.n.01	whiskey jug	whiskey jug
902	n04579432	whistle.n.04	whistle	whistle
903	n04584207	wig.n.01	wig	wig
904	n04589890	window_screen.n.01	window screen	window screen
905	n04590129	window_shade.n.01	window shade	window shade
906	n04591157	windsor_tie.n.01	Windsor tie	Windsor tie
907	n04591713	wine_bottle.n.01	wine bottle	wine bottle
908	n04592741	wing.n.02	wing	wing
909	n04596742	wok.n.01	wok	wok
910	n04597913	wooden_spoon.n.02	wooden spoon	wooden spoon
911	n04599235	wool.n.01	wool	wool, woolen, woollen
912	n04604644	worm_fence.n.01	worm fence	worm fence, snake fence, snake-rail fence, Virginia fence
913	n04606251	wreck.n.04	wreck	wreck
914	n04612504	yawl.n.01	yawl	yawl
915	n04613696	yurt.n.01	yurt	yurt
916	n06359193	web_site.n.01	web site	web site, website, internet site, site
917	n06596364	comic_book.n.01	comic book	comic book
918	n06785654	crossword_puzzle.n.01	crossword puzzle	crossword puzzle, crossword
919	n06794110	street_sign.n.01	street sign	street sign
920	n06874185	traffic_light.n.01	traffic light	traffic light, traffic signal, stoplight
921	n07248320	book_jacket.n.01	book jacket	book jacket, dust cover, dust jacket, dust wrapper
922	n07565083	menu.n.02	menu	menu
923	n07579787	plate.n.08	plate	plate
924	n07583066	guacamole.n.01	guacamole	guacamole
925	n07584110	consomme.n.01	consomme	consomme
926	n07590611	hot_pot.n.01	hot pot	hot pot, hotpot
927	n07613480	trifle.n.01	trifle	trifle
928	n07614500	ice_cream.n.01	ice cream	ice cream, icecream
929	n07615774	ice_lolly.n.01	ice lolly	ice lolly, lolly, lollipop, popsicle
930	n07684084	french_loaf.n.01	French loaf	French loaf
931	n07693725	bagel.n.01	bagel	bagel, beigel
932	n07695742	pretzel.n.01	pretzel	pretzel
933	n07697313	cheeseburger.n.01	cheeseburger	cheeseburger
934	n07697537	hotdog.n.02	hotdog	hotdog, hot dog, red hot
935	n07711569	mashed_potato.n.01	mashed potato	mashed potato
936	n07714571	head_cabbage.n.02	head cabbage	head cabbage
937	n07714990	broccoli.n.02	broccoli	broccoli
938	n07715103	cauliflower.n.02	cauliflower	cauliflower
939	n07716358	zucchini.n.02	zucchini	zucchini, courgette
940	n07716906	spaghetti_squash.n.02	spaghetti squash	spaghetti squash
941	n07717410	acorn_squash.n.02	acorn squash	acorn squash
942	n07717556	butternut_squash.n.02	butternut squash	butternut squash
943	n07718472	cucumber.n.02	cucumber	cucumber, cuke
944	n07718747	artichoke.n.02	artichoke	artichoke, globe artichoke
945	n07720875	bell_pepper.n.02	bell pepper	bell pepper
946	n07730033	cardoon.n.02	cardoon	cardoon
947	n07734744	mushroom.n.05	mushroom	mushroom
948	n07742313	granny_smith.n.01	Granny Smith	Granny Smith
949	n07745940	strawberry.n.01	strawberry	strawberry
950	n07747607	orange.n.01	orange	orange
951	n07749582	lemon.n.01	lemon	lemon
952	n07753113	fig.n.04	fig	fig
953	n07753275	pineapple.n.02	pineapple	pineapple, ananas
954	n07753592	banana.n.02	banana	banana
955	n07754684	jackfruit.n.02	jackfruit	jackfruit, jak, jack
956	n07760859	custard_apple.n.02	custard apple	custard apple
957	n07768694	pomegranate.n.02	pomegranate	pomegranate
958	n07802026	hay.n.01	hay	hay
959	n07831146	carbonara.n.01	carbonara	carbonara
960	n07836838	chocolate_sauce.n.01	chocolate sauce	chocolate sauce, chocolate syrup
961	n07860988	dough.n.01	dough	dough
962	n07871810	meat_loaf.n.01	meat loaf	meat loaf, meatloaf
963	n07873807	pizza.n.01	pizza	pizza, pizza pie
964	n07875152	potpie.n.01	potpie	potpie
965	n07880968	burrito.n.01	burrito	burrito
966	n07892512	red_wine.n.01	red wine	red wine
967	n07920052	espresso.n.01	espresso	espresso
968	n07930864	cup.n.06	cup	cup
969	n07932039	eggnog.n.01	eggnog	eggnog
970	n09193705	alp.n.01	alp	alp
971	n09229709	bubble.n.01	bubble	bubble
972	n09246464	cliff.n.01	cliff	cliff, drop, drop-off
973	n09256479	coral_reef.n.01	coral reef	coral reef
974	n09288635	geyser.n.01	geyser	geyser
975	n09332890	lakeside.n.01	lakeside	lakeside, lakeshore
976	n09399592	promontory.n.01	promontory	promontory, headland, head, foreland
977	n09421951	sandbar.n.01	sandbar	sandbar, sand bar
978	n09428293	seashore.n.01	seashore	seashore, coast, seacoast, sea-coast
979	n09468604	valley.n.01	valley	valley, vale
980	n09472597	volcano.n.02	volcano	volcano
981	n09835506	ballplayer.n.01	ballplayer	ballplayer, baseball player
982	n10148035	groom.n.01	groom	groom, bridegroom
983	n10565667	scuba_diver.n.01	scuba diver	scuba diver
984	n11879895	rapeseed.n.01	rapeseed	rapeseed
985	n11939491	daisy.n.01	daisy	daisy
986	n12057211	yellow_lady's_slipper.n.01	yellow lady's slipper	yellow lady's slipper, yellow lady-slipper, Cypripedium calceolus, Cypripedium parviflorum
987	n12144580	corn.n.02	corn	corn
988	n12267677	acorn.n.01	acorn	acorn
989	n12620546	hip.n.05	hip	hip, rose hip, rosehip
990	n12768682	buckeye.n.01	buckeye	buckeye, horse chestnut, conker
991	n12985857	coral_fungus.n.01	coral fungus	coral fungus
992	n12998815	agaric.n.02	agaric	agaric
993	n13037406	gyromitra.n.01	gyromitra	gyromitra
994	n13040303	stinkhorn.n.01	stinkhorn	stinkhorn, carrion fungus
995	n13044778	earthstar.n.01	earthstar	earthstar
996	n13052670	hen-of-the-woods.n.01	hen-of-the-woods	hen-of-the-woods, hen of the woods, Polyporus frondosus, Grifola frondosa
997	n13054560	bolete.n.01	bolete	bolete
998	n13133613	ear.n.05	ear	ear, spike, capitulum
999	n15075141	toilet_tissue.n.01	toilet tissue	toilet tissue, toilet paper, bathroom tissue
